<?xml version="1.0" encoding="UTF-8"?>
<project-private xmlns="http://www.netbeans.org/ns/project-private/1">
    <editor-bookmarks xmlns="http://www.netbeans.org/ns/editor-bookmarks/2" lastBookmarkId="0"/>
    <open-files xmlns="http://www.netbeans.org/ns/projectui-open-files/2">
        <group>
            <file>file:/D:/Projects/Library_Management_System/src/JFrams/DBConnection.java</file>
            <file>file:/D:/Projects/Library_Management_System/src/JFrams/LoginPage.java</file>
            <file>file:/D:/Projects/Library_Management_System/src/JFrams/IssuedBookDetails.java</file>
            <file>file:/D:/Projects/Library_Management_System/nbproject/build-impl.xml</file>
            <file>file:/D:/Projects/Library_Management_System/src/JFrams/HomePage.java</file>
            <file>file:/D:/Projects/Library_Management_System/src/JFrams/ForgetPassword.java</file>
            <file>file:/D:/Projects/Library_Management_System/src/JFrams/ManageStudents.java</file>
            <file>file:/D:/Projects/Library_Management_System/src/JFrams/SignupPage.java</file>
            <file>file:/D:/Projects/Library_Management_System/src/JFrams/ViewIssuedBooks.java</file>
            <file>file:/D:/Projects/Library_Management_System/src/JFrams/ManageBooks.java</file>
            <file>file:/D:/Projects/Library_Management_System/src/JFrams/IssueBook.java</file>
            <file>file:/D:/Projects/Library_Management_System/src/JFrams/ReturnBook.java</file>
        </group>
    </open-files>
</project-private>
